id,classification
2,PEGI +7
4,PEGI +7
6,PEGI +7
12,None
15,None
20,PEGI +18
21,PEGI +3
22,PEGI +16
24,PEGI +3
26,PEGI +12
27,PEGI +7
28,PEGI +18
32,PEGI +16
34,PEGI +3
35,PEGI +18
37,PEGI +7
38,PEGI +16
40,PEGI +7
41,PEGI +16
42,PEGI +16
43,PEGI +12
44,PEGI +3
45,PEGI +12
47,PEGI +7
48,PEGI +3
49,PEGI +12
54,None
56,None
59,PEGI +12
63,PEGI +7
72,PEGI +3
82,None
87,PEGI +16
97,None
99,PEGI +3
103,None
109,None
110,PEGI +7
117,None
119,PEGI +16
122,None
123,PEGI +12
128,None
129,PEGI +7
131,PEGI +3
134,None
137,PEGI +18
150,PEGI +12
159,None
161,None
179,None
194,PEGI +16
195,None
198,None
200,PEGI +18
206,None
211,PEGI +16
214,PEGI +3
225,None
227,PEGI +7
230,PEGI +3
231,PEGI +7
242,None
247,PEGI +16
249,PEGI +12
250,None
253,PEGI +3
283,PEGI +7
284,PEGI +16
290,PEGI +7
295,PEGI +12
303,PEGI +18
308,PEGI +3
320,PEGI +12
332,PEGI +12
345,PEGI +16
355,None
362,PEGI +18
375,PEGI +3
376,None
378,PEGI +3
382,PEGI +16
391,None
395,PEGI +7
401,PEGI +18
404,None
411,PEGI +18
413,PEGI +3
415,PEGI +7
416,PEGI +18
418,None
423,PEGI +7
425,PEGI +12
428,None
430,PEGI +18
430,None
441,None
447,PEGI +7
455,None
464,None
474,PEGI +7
477,None
490,PEGI +16
492,PEGI +18
495,PEGI +12
496,PEGI +12
500,None
502,None
508,PEGI +12
517,None
531,None
539,None
540,PEGI +12
559,PEGI +12
560,PEGI +3
578,None
582,None
585,None
591,None
592,PEGI +7
602,PEGI +12
605,None
607,PEGI +12
611,None
617,PEGI +7
622,PEGI +18
624,None
631,PEGI +12
646,PEGI +3
647,PEGI +3
654,None
656,None
660,PEGI +16
675,PEGI +7
678,PEGI +16
680,None
693,PEGI +12
696,PEGI +7
700,PEGI +7
704,None
706,None
709,PEGI +12
710,PEGI +18
719,PEGI +12
720,PEGI +18
722,PEGI +7
742,PEGI +12
748,None
753,None
757,PEGI +18
758,PEGI +3
760,PEGI +12
764,PEGI +16
766,PEGI +18
767,PEGI +3
773,PEGI +12
776,PEGI +3
782,PEGI +3
783,PEGI +18
791,None
798,None
802,PEGI +18
809,PEGI +16
812,None
815,None
816,PEGI +12
829,PEGI +18
832,None
834,PEGI +16
835,None
842,PEGI +18
847,None
849,None
852,PEGI +12
857,PEGI +16
864,PEGI +18
865,None
875,PEGI +7
880,PEGI +7
881,PEGI +3
884,PEGI +18
885,PEGI +3
887,PEGI +18
894,PEGI +16
897,None
898,PEGI +12
902,PEGI +16
906,PEGI +18
907,None
908,PEGI +12
914,PEGI +3
917,None
923,PEGI +16
928,PEGI +7
933,PEGI +12
935,None
936,PEGI +7
937,None
946,PEGI +7
949,None
953,None
955,PEGI +12
956,PEGI +3
957,PEGI +16
965,PEGI +16
966,None
974,None
981,None
982,PEGI +12
992,PEGI +12
998,PEGI +18
1009,PEGI +16
1012,PEGI +16
1014,PEGI +12
1020,None
1025,PEGI +12
1029,PEGI +12
1030,None
1033,None
1037,PEGI +12
1045,PEGI +7
1056,PEGI +7
1058,PEGI +3
1077,PEGI +7
1081,PEGI +7
1090,PEGI +12
1097,None
1104,PEGI +18
1105,PEGI +16
1118,None
1119,None
1120,PEGI +18
1121,PEGI +7
1129,PEGI +12
1138,PEGI +7
1140,None
1142,PEGI +16
1144,PEGI +12
1152,PEGI +7
1157,PEGI +3
1159,PEGI +18
1162,PEGI +12
1169,PEGI +18
1171,PEGI +18
1173,PEGI +7
1184,PEGI +16
1188,None
1197,None
1201,None
1202,PEGI +7
1206,None
1207,PEGI +7
1225,None
1230,None
1236,PEGI +12
1239,PEGI +16
1244,None
1253,PEGI +7
1256,PEGI +16
1257,PEGI +12
1258,PEGI +16
1259,None
1271,PEGI +7
1274,None
1281,None
1282,None
1287,PEGI +16
1290,PEGI +12
1299,PEGI +16
1300,None
1303,PEGI +3
1314,PEGI +18
1320,PEGI +18
1322,None
1345,None
1347,PEGI +3
1355,PEGI +7
1358,None
1371,PEGI +3
1374,PEGI +7
1378,PEGI +7
1382,PEGI +12
1391,PEGI +3
1398,None
1412,None
1416,PEGI +18
1426,PEGI +7
1430,None
1433,PEGI +18
1443,None
1447,PEGI +18
1454,PEGI +3
1459,None
1467,PEGI +3
1505,None
1508,PEGI +12
1516,PEGI +12
1524,None
1534,None
1537,PEGI +7
1539,PEGI +12
1540,PEGI +7
1542,None
1543,None
1545,None
1547,PEGI +3
1562,PEGI +12
1575,PEGI +12
1585,PEGI +12
1607,None
1620,PEGI +12
1628,PEGI +12
1634,None
1637,None
1641,PEGI +3
1643,None
1644,PEGI +7
1652,None
1661,None
1683,None
1692,None
1695,None
1700,None
1713,PEGI +3
1720,PEGI +12
1734,PEGI +16
1736,PEGI +7
1739,PEGI +12
1740,PEGI +7
1748,None
1752,PEGI +12
1757,None
1758,PEGI +12
1774,PEGI +12
1783,None
1789,None
1798,None
1801,PEGI +12
1818,PEGI +12
1820,PEGI +12
1822,PEGI +3
1827,None
1830,None
1839,None
1863,PEGI +16
1864,PEGI +12
1874,PEGI +7
1875,None
1889,None
1892,None
1898,PEGI +12
1914,PEGI +3
1916,PEGI +3
1932,None
1959,None
1970,None
1987,None
2003,PEGI +12
2037,PEGI +16
2047,None
2049,PEGI +12
2058,PEGI +7
2064,PEGI +3
2077,PEGI +3
2093,PEGI +7
2104,None
2115,PEGI +3
2116,None
2119,PEGI +3
2123,None
2136,PEGI +12
2137,PEGI +12
2139,None
2152,PEGI +12
2156,None
2165,PEGI +7
2177,PEGI +12
2184,None
2203,PEGI +12
2210,None
2222,PEGI +7
2226,PEGI +3
2229,PEGI +18
2234,None
2235,PEGI +16
2239,PEGI +16
2246,PEGI +12
2249,PEGI +18
2255,PEGI +18
2258,PEGI +7
2266,PEGI +12
2268,PEGI +12
2271,PEGI +12
2272,PEGI +16
2284,PEGI +16
2287,None
2289,None
2298,PEGI +18
2309,PEGI +12
2310,PEGI +7
2312,PEGI +12
2319,PEGI +18
2353,PEGI +16
2354,PEGI +16
2356,PEGI +16
2359,None
2361,PEGI +12
2366,PEGI +7
2367,None
2374,PEGI +3
2382,PEGI +3
2384,PEGI +12
2386,PEGI +12
2388,None
2391,PEGI +16
2397,None
2407,PEGI +12
2408,PEGI +16
2416,PEGI +3
2422,PEGI +18
2435,PEGI +12
2440,PEGI +7
2441,PEGI +18
2443,PEGI +16
2453,PEGI +12
2459,PEGI +12
2463,None
2468,PEGI +16
2479,PEGI +12
2480,PEGI +16
2483,PEGI +7
2487,None
2490,PEGI +18
2503,PEGI +16
2506,PEGI +12
2510,PEGI +16
2513,None
2518,None
2536,PEGI +12
2541,PEGI +16
2550,None
2551,PEGI +16
2559,PEGI +12
2564,PEGI +3
2568,None
2572,PEGI +3
2574,PEGI +7
2581,PEGI +16
2588,None
2595,None
2612,PEGI +16
2623,PEGI +18
2629,PEGI +16
2639,PEGI +3
2647,PEGI +18
2657,None
2665,PEGI +12
2684,PEGI +7
2686,PEGI +3
2705,PEGI +3
2710,None
2713,PEGI +7
2722,PEGI +12
2733,None
2743,PEGI +18
2749,PEGI +7
2757,None
2767,PEGI +18
2770,PEGI +12
2777,PEGI +7
2778,PEGI +12
2784,None
2792,PEGI +16
2796,PEGI +12
2798,PEGI +12
2802,PEGI +16
2805,PEGI +12
2812,None
2819,PEGI +16
2822,None
2830,PEGI +7
2835,PEGI +7
2838,PEGI +3
2845,None
2848,PEGI +12
2851,None
2852,PEGI +16
2855,PEGI +12
2858,PEGI +7
2860,PEGI +18
2873,PEGI +3
2891,PEGI +3
2894,None
2895,PEGI +7
2898,PEGI +12
2909,PEGI +16
2913,PEGI +16
2918,PEGI +12
2923,PEGI +7
2944,None
2956,PEGI +12
2960,PEGI +7
2968,PEGI +12
2983,None
2987,PEGI +16
2992,PEGI +12
2998,PEGI +18
3004,None
3017,PEGI +18
3054,PEGI +7
3057,PEGI +12
3070,PEGI +18
3085,PEGI +16
3090,PEGI +12
3111,PEGI +16
3117,PEGI +3
3121,PEGI +16
3129,PEGI +12
3131,PEGI +3
3154,PEGI +3
3156,PEGI +12
3163,PEGI +16
3168,PEGI +16
3179,None
3186,PEGI +3
3187,PEGI +7
3188,PEGI +16
3189,None
3191,PEGI +18
3199,PEGI +12
3200,PEGI +12
3209,PEGI +18
3214,None
3223,PEGI +16
3226,PEGI +18
3228,PEGI +12
3234,PEGI +3
3243,PEGI +12
3244,PEGI +16
3251,PEGI +3
3252,None
3253,None
3254,PEGI +7
3255,PEGI +16
3263,PEGI +16
3268,None
3272,PEGI +3
3275,PEGI +7
3278,PEGI +12
3282,None
3287,PEGI +16
3290,None
3291,PEGI +12
3294,PEGI +7
3299,PEGI +16
3300,PEGI +18
3301,PEGI +3
3306,PEGI +3
3307,PEGI +7
3315,PEGI +16
3316,PEGI +12
3324,PEGI +12
3325,None
3328,PEGI +18
3344,None
3346,PEGI +18
3350,None
3351,PEGI +3
3352,PEGI +12
3357,PEGI +12
3358,PEGI +16
3363,PEGI +7
3364,PEGI +7
3368,None
3371,PEGI +16
3373,PEGI +12
3377,PEGI +7
3387,PEGI +18
3396,None
3400,PEGI +18
3407,PEGI +12
3408,PEGI +18
3410,PEGI +12
3419,PEGI +12
3421,PEGI +16
3427,PEGI +16
3433,PEGI +16
3436,PEGI +3
3437,PEGI +16
3446,PEGI +12
3449,None
3450,PEGI +16
3459,PEGI +18
3468,None
3469,PEGI +16
3474,PEGI +12
3480,PEGI +18
3481,PEGI +18
3488,PEGI +12
3489,PEGI +12
3496,PEGI +18
3497,PEGI +18
3498,PEGI +18
3501,PEGI +3
3507,PEGI +16
3515,PEGI +3
3525,None
3527,PEGI +16
3530,PEGI +12
3532,PEGI +3
3536,PEGI +3
3538,PEGI +3
3540,PEGI +12
3543,PEGI +18
3548,None
3550,PEGI +3
3554,PEGI +18
3556,PEGI +18
3560,PEGI +3
3565,PEGI +3
3573,PEGI +12
3578,PEGI +16
3579,None
3580,PEGI +3
3584,PEGI +16
3586,PEGI +16
3589,PEGI +12
3594,PEGI +16
3598,PEGI +7
3605,PEGI +18
3608,None
3612,PEGI +18
3615,PEGI +16
3617,PEGI +12
3618,PEGI +7
3625,PEGI +3
3626,PEGI +3
3627,PEGI +7
3628,PEGI +16
3635,PEGI +12
3638,PEGI +12
3639,PEGI +3
3640,PEGI +3
3642,None
3645,PEGI +3
3647,PEGI +7
3679,PEGI +12
3687,PEGI +18
3689,PEGI +18
3696,PEGI +18
3699,PEGI +16
3707,PEGI +16
3715,PEGI +12
3726,PEGI +12
3731,None
3734,None
3738,PEGI +16
3739,PEGI +16
3741,PEGI +16
3748,PEGI +7
3749,PEGI +18
3751,PEGI +16
3756,None
3758,PEGI +12
3759,PEGI +18
3763,PEGI +12
3764,PEGI +12
3766,PEGI +16
3768,PEGI +12
3771,PEGI +7
3775,PEGI +16
3783,PEGI +12
3790,PEGI +18
3796,PEGI +12
3806,PEGI +7
3808,PEGI +12
3818,PEGI +12
3820,PEGI +3
3824,PEGI +12
3829,PEGI +12
3830,PEGI +7
3834,PEGI +12
3835,PEGI +12
3838,PEGI +12
3842,PEGI +18
3847,PEGI +3
3849,PEGI +7
3850,PEGI +7
3854,PEGI +16
3855,PEGI +3
3861,None
3862,PEGI +16
3863,PEGI +18
3872,PEGI +16
3876,PEGI +18
3877,PEGI +12
3879,PEGI +3
3882,PEGI +18
3888,PEGI +3
3891,None
3892,PEGI +18
3900,PEGI +3
3901,PEGI +12
3903,PEGI +3
3911,PEGI +12
3912,None
3923,PEGI +16
3926,PEGI +16
3931,PEGI +18
3932,PEGI +18
3937,PEGI +16
3941,PEGI +12
3943,PEGI +12
3945,PEGI +7
3958,PEGI +12
3965,PEGI +18
3968,PEGI +12
3973,PEGI +12
3976,PEGI +12
3983,PEGI +12
3986,None
3991,PEGI +18
4000,PEGI +16
4002,PEGI +16
4003,PEGI +7
4007,PEGI +12
4012,PEGI +16
4023,PEGI +18
4025,PEGI +16
4026,PEGI +18
4030,PEGI +12
4032,PEGI +18
4046,PEGI +12
4057,PEGI +18
4058,PEGI +18
4059,PEGI +18
4062,PEGI +18
4063,PEGI +16
4064,PEGI +18
4070,PEGI +16
4087,None
4090,PEGI +16
4092,PEGI +12
4101,PEGI +18
4108,PEGI +16
4117,PEGI +18
4123,PEGI +16
4124,PEGI +3
4126,PEGI +18
4132,PEGI +3
4141,PEGI +12
4145,PEGI +18
4154,PEGI +18
4161,PEGI +18
4166,PEGI +18
4179,PEGI +18
4185,PEGI +16
4186,PEGI +16
4187,PEGI +12
4188,PEGI +16
4199,PEGI +7
4200,PEGI +12
4202,None
4206,PEGI +18
4211,PEGI +3
4219,PEGI +18
4223,PEGI +18
4225,PEGI +16
4228,PEGI +16
4229,PEGI +12
4230,PEGI +18
4232,PEGI +12
4234,PEGI +16
4237,None
4246,PEGI +12
4247,PEGI +16
4248,PEGI +18
4252,None
4254,PEGI +12
4267,PEGI +3
4280,PEGI +18
4284,PEGI +3
4286,PEGI +18
4286,None
4291,PEGI +18
4297,PEGI +18
4299,PEGI +16
4302,PEGI +3
4304,PEGI +12
4327,PEGI +7
4331,PEGI +3
4332,PEGI +18
4333,PEGI +3
4347,PEGI +7
4348,PEGI +12
4352,PEGI +3
4356,None
4358,PEGI +18
4361,PEGI +7
4362,PEGI +16
4365,None
4369,PEGI +12
4377,PEGI +3
4380,PEGI +12
4386,PEGI +18
4388,PEGI +16
4391,PEGI +7
4392,None
4397,PEGI +18
4398,PEGI +3
4406,PEGI +18
4410,PEGI +12
4427,None
4429,PEGI +12
4438,PEGI +16
4439,PEGI +18
4440,PEGI +18
4443,PEGI +7
4445,PEGI +12
4447,PEGI +12
4459,None
4459,PEGI +18
4461,PEGI +7
4462,PEGI +3
4466,PEGI +16
4468,PEGI +12
4469,None
4472,PEGI +7
4476,PEGI +7
4477,None
4480,None
4483,PEGI +18
4489,PEGI +16
4494,None
4499,PEGI +12
4511,PEGI +18
4513,None
4514,PEGI +18
4519,PEGI +12
4520,PEGI +18
4521,None
4523,PEGI +18
4527,PEGI +18
4529,PEGI +7
4534,PEGI +7
4535,PEGI +18
4544,PEGI +18
4546,None
4550,PEGI +18
4570,None
4571,PEGI +16
4581,PEGI +16
4583,PEGI +16
4586,PEGI +12
4596,PEGI +7
4599,PEGI +18
4602,PEGI +18
4605,PEGI +7
4611,None
4630,PEGI +16
4639,PEGI +18
4675,PEGI +7
4679,PEGI +16
4686,PEGI +18
4700,None
4729,PEGI +18
4731,None
4744,None
4749,PEGI +18
4751,PEGI +12
4753,None
4767,None
4772,None
4775,PEGI +3
4782,None
4803,None
4806,PEGI +18
4812,None
4813,None
4821,None
4828,PEGI +18
4852,PEGI +18
4853,PEGI +18
4861,PEGI +3
4882,PEGI +12
4893,PEGI +12
4958,PEGI +16
5005,PEGI +3
5055,None
5074,PEGI +3
5075,None
5103,PEGI +3
5107,None
5109,PEGI +3
5114,PEGI +3
5123,None
5132,None
5137,PEGI +18
5143,None
5177,PEGI +12
5187,PEGI +3
5194,PEGI +12
5200,PEGI +18
5205,PEGI +18
5208,PEGI +16
5209,PEGI +12
5215,PEGI +3
5216,PEGI +3
5219,PEGI +12
5222,PEGI +3
5225,None
5231,PEGI +12
5234,PEGI +3
5235,PEGI +3
5243,PEGI +12
5244,PEGI +7
5247,PEGI +7
5248,PEGI +12
5249,None
5250,PEGI +16
5255,PEGI +3
5262,PEGI +16
5263,PEGI +16
5272,PEGI +7
5278,PEGI +7
5279,PEGI +7
5289,None
5298,PEGI +12
5312,None
5313,PEGI +12
5322,None
5326,PEGI +7
5342,None
5343,None
5345,None
5347,None
5350,None
5352,PEGI +7
5358,PEGI +7
5361,PEGI +12
5374,PEGI +12
5377,PEGI +18
5388,PEGI +12
5390,PEGI +3
5394,None
5396,PEGI +12
5397,None
5422,PEGI +12
5452,None
5464,PEGI +7
5492,PEGI +12
5501,None
5506,None
5511,PEGI +18
5512,PEGI +18
5520,PEGI +18
5521,PEGI +16
5522,PEGI +12
5524,PEGI +16
5528,PEGI +16
5529,PEGI +16
5538,PEGI +16
5540,None
5541,PEGI +18
5542,PEGI +16
5544,PEGI +12
5545,PEGI +7
5548,PEGI +12
5559,PEGI +3
5561,PEGI +3
5562,PEGI +18
5563,PEGI +18
5564,None
5567,PEGI +16
5570,PEGI +12
5582,PEGI +18
5587,PEGI +3
5588,PEGI +3
5593,PEGI +12
5601,PEGI +16
5602,PEGI +16
5604,PEGI +18
5605,PEGI +12
5607,PEGI +3
5610,PEGI +18
5617,PEGI +18
5618,PEGI +12
5623,PEGI +18
5628,None
5640,PEGI +16
5641,PEGI +18
5644,None
5649,None
5653,None
5654,PEGI +16
5656,PEGI +7
5664,None
5665,PEGI +18
5671,PEGI +18
5674,None
5675,PEGI +12
5677,None
5678,PEGI +16
5679,PEGI +18
5681,PEGI +16
5684,None
5688,PEGI +16
5695,PEGI +3
5699,None
5702,PEGI +16
5705,PEGI +16
5706,PEGI +16
5708,PEGI +3
5709,None
5715,PEGI +12
5717,PEGI +12
5718,PEGI +12
5737,None
5778,PEGI +16
5783,PEGI +3
5793,PEGI +12
5886,None
5888,PEGI +3
5923,PEGI +16
5933,None
5978,None
5985,None
5995,None
6029,None
6138,PEGI +12
6156,None
6315,PEGI +12
6339,None
6382,None
6399,None
6400,None
6459,None
6505,PEGI +12
6509,None
6617,PEGI +16
6625,None
6627,None
6656,PEGI +3
6673,PEGI +12
6725,None
6773,PEGI +16
6819,None
6841,None
6875,None
6879,PEGI +16
6885,PEGI +7
6888,None
6892,None
6929,None
6937,None
6959,PEGI +3
6987,None
7016,None
7041,None
7098,None
7136,None
7141,PEGI +7
7203,None
7241,None
7306,None
7317,PEGI +12
7335,PEGI +3
7375,None
7381,PEGI +7
7439,PEGI +18
7442,None
7483,PEGI +12
7505,None
7536,PEGI +18
7626,None
7649,None
7689,PEGI +18
7696,PEGI +3
7712,PEGI +3
7778,None
7784,None
7819,PEGI +12
7825,None
7860,None
7861,PEGI +7
7940,PEGI +3
7993,None
8098,PEGI +3
8146,PEGI +18
8278,PEGI +18
8300,PEGI +3
8313,None
8347,None
8433,PEGI +16
8444,PEGI +16
8488,PEGI +18
8496,PEGI +3
8586,None
8595,None
8644,None
8694,None
8733,None
8758,None
8763,None
8812,PEGI +7
8870,PEGI +12
9153,PEGI +3
9203,PEGI +3
9210,None
9244,None
9296,None
9341,PEGI +12
9359,None
9441,None
9465,None
9475,None
9485,None
9499,PEGI +7
9502,None
9531,None
9545,PEGI +18
9555,None
9564,PEGI +3
9593,PEGI +12
9598,PEGI +3
9600,PEGI +18
9603,PEGI +7
9612,PEGI +7
9626,None
9644,PEGI +3
9656,PEGI +12
9659,PEGI +18
9671,None
9673,None
9678,PEGI +16
9684,PEGI +3
9728,PEGI +12
9741,PEGI +18
9744,PEGI +7
9765,None
9767,PEGI +7
9771,None
9801,PEGI +16
9810,PEGI +16
9831,PEGI +18
9840,None
9877,None
9891,PEGI +18
9913,None
9953,None
9964,PEGI +16
9966,PEGI +18
10008,PEGI +16
10013,PEGI +3
10020,PEGI +18
10029,PEGI +16
10031,None
10037,None
10039,PEGI +16
10040,PEGI +12
10041,None
10049,None
10053,None
10057,None
10061,PEGI +18
10063,None
10065,None
10068,PEGI +7
10081,None
10088,None
10091,None
10094,PEGI +12
10101,PEGI +7
10108,PEGI +7
10110,PEGI +12
10116,None
10118,PEGI +16
10121,PEGI +16
10125,PEGI +18
10128,PEGI +16
10134,PEGI +12
10157,PEGI +16
10171,PEGI +16
10180,None
10186,None
10201,None
10213,None
10234,None
10243,PEGI +18
10261,PEGI +7
10276,PEGI +7
10295,PEGI +16
10296,PEGI +12
10309,None
10311,None
10315,None
10340,PEGI +16
10354,None
10376,PEGI +16
10377,PEGI +16
10387,PEGI +16
10393,PEGI +16
10401,None
10408,None
10416,None
10419,PEGI +7
10424,PEGI +7
10446,None
10500,None
10505,PEGI +12
10513,None
10514,PEGI +7
10533,None
10547,PEGI +7
10555,None
10580,PEGI +3
10607,None
10609,PEGI +7
10611,PEGI +7
10633,PEGI +16
10638,None
10643,PEGI +18
10661,PEGI +12
10679,PEGI +12
10720,None
10753,None
10767,None
10784,None
10829,PEGI +18
10853,PEGI +7
10878,PEGI +12
10897,None
10910,None
10923,None
10924,None
10940,None
10980,PEGI +16
10981,None
10986,PEGI +12
10990,None
10992,None
10993,PEGI +3
10994,None
10997,PEGI +3
11009,PEGI +16
11012,None
11076,None
11159,None
11164,None
11189,None
11192,None
11193,None
11223,PEGI +12
11272,PEGI +12
11276,PEGI +18
11312,PEGI +16
11339,PEGI +12
11365,None
11386,None
11400,PEGI +12
11415,PEGI +12
11460,None
11471,PEGI +16
11525,None
11593,PEGI +12
11645,None
11669,None
11672,PEGI +3
11704,None
11726,None
11728,None
11731,None
11753,PEGI +12
11789,PEGI +7
11791,None
11800,PEGI +12
11815,None
11829,None
11831,PEGI +12
11833,None
11849,PEGI +12
11859,PEGI +16
11903,None
11958,PEGI +12
12006,None
12019,None
12020,PEGI +18
12024,None
12045,PEGI +16
12051,None
12071,None
12073,PEGI +12
12109,None
12119,PEGI +7
12140,None
12146,PEGI +7
12157,None
12166,PEGI +16
12241,None
12245,None
12286,PEGI +12
12320,PEGI +16
12321,None
12354,None
12528,None
12536,PEGI +18
12569,None
12614,PEGI +12
12636,PEGI +7
12687,None
12741,PEGI +16
12743,PEGI +16
12744,PEGI +3
12811,None
12871,None
12877,PEGI +12
12890,PEGI +12
12893,None
12906,PEGI +12
12929,None
12980,PEGI +12
12988,None
13011,None
13070,PEGI +12
13120,None
13156,PEGI +7
13172,PEGI +3
13191,None
13247,PEGI +16
13268,None
13274,PEGI +12
13350,PEGI +12
13396,PEGI +7
13461,PEGI +18
13464,PEGI +7
13466,PEGI +16
13481,None
13533,PEGI +7
13535,PEGI +18
13536,None
13537,PEGI +16
13566,None
13570,None
13589,None
13625,None
13627,None
13657,None
13668,PEGI +18
13694,PEGI +12
13759,PEGI +12
13777,PEGI +12
13778,PEGI +12
13779,PEGI +12
13787,PEGI +7
13820,PEGI +12
13843,PEGI +16
13909,None
13910,PEGI +18
13926,PEGI +16
13976,PEGI +3
14016,PEGI +16
14026,None
14072,PEGI +16
14085,None
14158,PEGI +7
14175,None
14188,None
14274,None
14331,PEGI +16
14334,None
14348,PEGI +18
14446,PEGI +18
14447,None
14448,None
14575,None
14615,None
14675,None
14684,None
14689,None
14690,PEGI +12
14692,PEGI +3
14733,None
14741,None
14784,PEGI +16
14788,None
14796,None
14803,PEGI +18
14904,None
14913,None
14927,PEGI +16
14983,None
14988,PEGI +7
14989,None
15002,None
15164,None
15234,None
15237,PEGI +7
15314,None
15341,None
15362,PEGI +12
15406,PEGI +16
15431,None
15467,None
15604,None
15656,None
15701,PEGI +3
15712,PEGI +12
15713,PEGI +12
15731,PEGI +7
15764,None
15770,None
15829,PEGI +16
15932,None
15958,None
15985,PEGI +12
15986,PEGI +12
16072,PEGI +12
16113,PEGI +18
16118,None
16123,None
16132,PEGI +7
16159,None
16167,None
16189,None
16252,PEGI +16
16253,PEGI +16
16255,PEGI +12
16259,PEGI +3
16284,PEGI +12
16286,None
16308,PEGI +18
16311,PEGI +7
16378,None
16408,PEGI +16
16434,PEGI +12
16437,PEGI +18
16450,PEGI +16
16452,PEGI +16
16453,None
16456,None
16605,None
16628,None
16649,PEGI +12
16698,PEGI +7
16700,PEGI +3
16711,None
16716,PEGI +7
16718,PEGI +7
16723,None
16747,None
16754,PEGI +12
16787,PEGI +16
16792,None
16804,None
16850,None
16867,PEGI +18
16899,None
16930,None
16944,PEGI +18
16948,None
16951,None
16961,PEGI +12
16985,None
17013,PEGI +18
17025,None
17043,None
17085,None
17087,None
17093,None
17121,None
17126,None
17127,PEGI +12
17134,None
17136,PEGI +16
17187,PEGI +12
17230,None
17282,PEGI +7
17283,PEGI +16
17356,PEGI +12
17357,PEGI +12
17373,None
17375,None
17403,PEGI +12
17410,None
17413,None
17450,PEGI +12
17517,None
17522,None
17524,None
17528,None
17535,None
17536,PEGI +18
17558,PEGI +12
17597,None
17600,PEGI +18
17606,PEGI +16
17615,None
17630,PEGI +12
17646,PEGI +3
17652,None
17658,None
17662,PEGI +12
17666,PEGI +18
17670,None
17683,None
17684,None
17698,None
17741,None
17744,PEGI +16
17777,PEGI +7
17778,PEGI +12
17790,None
17794,None
17799,None
17803,PEGI +18
17807,PEGI +12
17818,PEGI +16
17835,PEGI +12
17863,PEGI +16
17875,PEGI +12
17885,PEGI +16
17908,PEGI +7
17909,PEGI +16
17925,PEGI +16
17949,PEGI +18
17959,PEGI +7
17976,None
17980,PEGI +12
17981,None
17983,None
17997,None
17998,None
18002,PEGI +12
18003,None
18015,None
18023,None
18030,None
18164,None
18183,PEGI +18
18185,PEGI +16
18201,None
18287,PEGI +12
18304,PEGI +16
18515,PEGI +12
18544,None
18555,None
18597,PEGI +16
18700,PEGI +12
18701,None
18706,PEGI +3
18712,None
18718,PEGI +16
18719,PEGI +18
18720,PEGI +16
18851,None
18886,PEGI +16
18908,PEGI +7
19056,None
19079,None
19163,None
19245,PEGI +12
19249,None
19276,PEGI +12
19277,PEGI +3
19285,PEGI +16
19286,PEGI +18
19295,PEGI +7
19300,None
19301,PEGI +16
19313,None
19334,None
19340,None
19345,PEGI +16
19351,PEGI +3
19362,None
19365,PEGI +18
19368,None
19369,PEGI +16
19377,PEGI +18
19378,None
19380,PEGI +18
19384,PEGI +18
19385,PEGI +12
19390,None
19397,PEGI +18
19402,PEGI +12
19407,PEGI +16
19413,None
19424,PEGI +12
19427,None
19434,None
19435,None
19437,PEGI +16
19439,PEGI +16
19452,PEGI +18
19466,None
19475,PEGI +18
19487,PEGI +16
19489,None
19490,None
19491,PEGI +7
19495,PEGI +7
19501,None
19509,None
19515,PEGI +16
19517,None
19520,PEGI +16
19535,PEGI +16
19548,PEGI +12
19551,None
19557,PEGI +12
19560,PEGI +16
19565,PEGI +18
19567,PEGI +18
19569,PEGI +18
19572,PEGI +16
19575,PEGI +12
19584,PEGI +16
19590,PEGI +7
19596,PEGI +12
19598,PEGI +12
19600,PEGI +16
19609,None
19611,PEGI +7
19615,PEGI +16
19624,None
19626,None
19627,None
19629,None
19637,PEGI +12
19642,None
19648,PEGI +18
19666,None
19672,PEGI +3
19684,None
19685,PEGI +16
19689,PEGI +18
19690,PEGI +12
19693,None
19701,PEGI +16
19800,None
19821,None
19856,PEGI +12
19869,PEGI +12
19996,None
20062,None
20156,None
20196,None
20309,PEGI +12
20426,None
20589,None
20762,None
20763,PEGI +18
20801,PEGI +12
20804,None
20809,PEGI +3
20837,None
20845,PEGI +18
20958,PEGI +16
21317,PEGI +3
21323,None
21383,PEGI +3
21390,PEGI +3
21438,PEGI +3
21523,None
21688,PEGI +7
21742,PEGI +12
21810,None
21905,None
21924,PEGI +18
21925,PEGI +3
21931,PEGI +12
21949,PEGI +12
21953,PEGI +16
21958,PEGI +16
22014,PEGI +12
22034,None
22036,PEGI +18
22041,PEGI +16
22055,PEGI +12
22060,PEGI +12
22083,None
22092,None
22105,PEGI +12
22121,PEGI +7
22124,PEGI +12
22149,None
22162,PEGI +7
22168,PEGI +12
22204,PEGI +3
22220,PEGI +12
22256,PEGI +7
22374,PEGI +3
22508,PEGI +12
22509,PEGI +3
22511,PEGI +12
22571,PEGI +16
22597,PEGI +16
22627,PEGI +3
22704,None
22716,None
22754,None
22774,None
22781,PEGI +3
22808,PEGI +12
22821,None
22827,PEGI +12
22872,PEGI +18
22909,None
22910,None
23037,PEGI +12
23129,PEGI +12
23165,PEGI +3
23214,PEGI +3
23216,PEGI +3
23218,PEGI +7
23251,PEGI +12
23260,PEGI +12
23300,None
23308,PEGI +3
23322,PEGI +7
23323,PEGI +12
23341,PEGI +3
23342,PEGI +3
23343,PEGI +12
23373,PEGI +7
23404,PEGI +12
23565,PEGI +16
23585,PEGI +18
23587,PEGI +3
23598,None
23629,None
23659,PEGI +7
23693,PEGI +16
23702,PEGI +12
23738,None
23740,PEGI +7
23741,None
23743,PEGI +7
23746,PEGI +12
23751,PEGI +3
23756,PEGI +12
23760,PEGI +16
23763,PEGI +12
23764,PEGI +12
23765,PEGI +3
23767,PEGI +3
23771,PEGI +12
23775,PEGI +12
23789,PEGI +12
23799,None
23815,None
23823,None
23849,PEGI +3
23850,PEGI +7
23860,PEGI +3
23863,PEGI +3
23867,None
23870,PEGI +7
23873,PEGI +3
23874,PEGI +7
23875,PEGI +12
23893,PEGI +18
23916,PEGI +12
23935,PEGI +7
23943,PEGI +3
23981,None
24017,PEGI +7
24033,None
24101,PEGI +18
24160,PEGI +16
24170,PEGI +3
24174,PEGI +12
24177,PEGI +3
24182,PEGI +12
24201,None
24227,PEGI +3
24239,PEGI +3
24241,PEGI +3
24247,PEGI +3
24276,PEGI +3
24347,PEGI +3
24353,None
24356,PEGI +3
24359,None
24366,PEGI +16
24397,None
24493,PEGI +3
24503,None
24507,PEGI +3
24508,PEGI +3
24566,PEGI +7
24570,PEGI +3
24590,PEGI +3
24669,None
24687,None
24710,PEGI +12
24738,PEGI +7
24768,None
24780,PEGI +7
24781,PEGI +7
24808,PEGI +12
24869,None
24877,PEGI +7
24893,PEGI +16
24900,PEGI +12
24923,PEGI +3
24928,PEGI +12
24930,PEGI +7
24931,PEGI +12
24933,PEGI +3
24937,PEGI +3
24938,PEGI +3
24941,None
24953,PEGI +7
24955,PEGI +3
24961,None
24967,PEGI +3
24973,PEGI +3
24980,PEGI +3
24995,PEGI +3
25000,PEGI +3
25009,PEGI +7
25013,PEGI +3
25021,PEGI +3
25025,PEGI +3
25035,PEGI +12
25040,PEGI +3
25042,PEGI +12
25044,PEGI +7
25052,PEGI +12
25058,PEGI +12
25064,PEGI +16
25081,PEGI +3
25089,PEGI +3
25091,PEGI +12
25096,None
25104,PEGI +16
25112,PEGI +7
25122,PEGI +16
25139,PEGI +3
25142,PEGI +12
25166,None
25170,PEGI +3
25172,PEGI +3
25178,None
25189,PEGI +3
25192,PEGI +12
25194,PEGI +12
25212,PEGI +12
25217,PEGI +3
25230,PEGI +7
25236,None
25249,PEGI +12
25309,PEGI +7
25311,PEGI +3
25327,None
25348,None
25354,PEGI +12
25373,None
25393,PEGI +3
25396,PEGI +3
25398,None
25402,None
25410,PEGI +16
25414,PEGI +12
25429,PEGI +3
25430,PEGI +7
25449,PEGI +12
25465,PEGI +12
25473,None
25496,None
25507,PEGI +12
25521,PEGI +3
25525,PEGI +7
25561,None
25596,PEGI +3
25629,None
25635,PEGI +3
25658,None
25711,PEGI +3
25741,PEGI +3
25750,None
25778,PEGI +12
25793,PEGI +7
25803,None
25818,None
25846,PEGI +12
25848,PEGI +3
25854,None
25932,PEGI +3
25979,None
25997,PEGI +3
26002,PEGI +7
26027,PEGI +3
26033,PEGI +16
26042,None
26047,PEGI +12
26059,PEGI +12
26068,PEGI +12
26069,PEGI +12
26073,PEGI +3
26083,PEGI +3
26108,PEGI +3
26154,PEGI +3
26160,PEGI +3
26174,PEGI +3
26176,PEGI +12
26188,PEGI +16
26226,None
26245,PEGI +12
26317,None
26324,PEGI +12
26336,None
26370,PEGI +3
26472,PEGI +16
26498,None
26507,None
26514,None
26531,None
26628,None
26648,None
26676,PEGI +16
26753,PEGI +3
26754,PEGI +7
26801,PEGI +7
26824,PEGI +12
26909,PEGI +3
26946,PEGI +12
26968,PEGI +7
26969,None
27015,PEGI +12
27019,PEGI +16
27023,PEGI +7
27024,PEGI +3
27036,None
27037,PEGI +12
27039,None
27041,PEGI +7
27043,PEGI +3
27044,PEGI +3
27051,PEGI +3
27060,PEGI +7
27080,PEGI +7
27100,PEGI +7
27102,PEGI +3
27124,PEGI +12
27133,PEGI +3
27147,PEGI +12
27192,PEGI +18
27193,PEGI +3
27196,PEGI +7
27230,PEGI +16
27233,PEGI +12
27265,PEGI +12
27297,PEGI +12
27309,PEGI +12
27327,PEGI +3
27370,PEGI +7
27390,None
27392,PEGI +3
27404,None
27407,PEGI +7
27418,PEGI +3
27483,PEGI +7
27491,PEGI +3
27518,PEGI +7
27536,PEGI +3
27571,None
27572,PEGI +12
27581,PEGI +3
27591,PEGI +12
27612,None
27617,PEGI +7
27620,PEGI +3
27635,PEGI +12
27651,PEGI +3
27662,PEGI +12
27677,PEGI +7
27683,PEGI +12
27711,PEGI +7
27776,PEGI +3
27828,PEGI +3
27856,None
27887,PEGI +3
27913,PEGI +3
27930,PEGI +16
27935,PEGI +7
27938,PEGI +7
27943,PEGI +7
27944,PEGI +16
27945,PEGI +12
27946,PEGI +12
27953,PEGI +3
27958,None
27963,PEGI +12
27964,PEGI +12
27966,PEGI +12
27967,PEGI +3
27970,PEGI +3
27972,PEGI +3
27974,PEGI +3
27977,PEGI +7
27978,PEGI +3
27980,PEGI +3
27981,PEGI +7
27983,PEGI +7
27984,PEGI +3
27985,PEGI +7
27986,PEGI +3
27987,PEGI +7
27989,PEGI +3
27991,PEGI +12
27992,PEGI +3
27997,PEGI +7
28000,PEGI +12
28002,PEGI +7
28004,PEGI +7
28007,PEGI +7
28011,PEGI +12
28015,PEGI +3
28018,PEGI +3
28021,PEGI +7
28023,PEGI +7
28024,PEGI +7
28025,PEGI +7
28026,PEGI +7
28040,PEGI +7
28083,PEGI +7
28089,PEGI +16
28109,PEGI +12
28110,PEGI +18
28121,None
28126,PEGI +3
28150,PEGI +16
28153,PEGI +18
28154,PEGI +3
28156,PEGI +12
28160,PEGI +7
28172,PEGI +18
28197,PEGI +12
28198,PEGI +12
28201,PEGI +18
28203,PEGI +3
28207,PEGI +7
28225,PEGI +16
28226,PEGI +12
28239,PEGI +3
28264,PEGI +3
28292,PEGI +12
28293,None
28307,PEGI +16
28312,PEGI +16
28353,None
28355,PEGI +3
28358,PEGI +16
28363,PEGI +16
28366,None
28374,PEGI +12
28380,PEGI +12
28386,PEGI +16
28390,PEGI +16
28395,PEGI +18
28399,PEGI +16
28401,None
28412,PEGI +3
28414,PEGI +3
28418,PEGI +16
28422,PEGI +16
28445,PEGI +3
28447,PEGI +3
28448,PEGI +16
28454,PEGI +18
28460,PEGI +3
28461,PEGI +3
28465,PEGI +18
28471,None
28473,PEGI +16
28492,PEGI +18
28495,None
28499,PEGI +7
28505,PEGI +18
28515,None
28520,None
28527,PEGI +12
28529,PEGI +12
28546,PEGI +3
28547,None
28554,PEGI +3
28560,PEGI +18
28562,PEGI +18
28581,PEGI +16
28583,PEGI +12
28589,PEGI +16
28595,PEGI +16
28615,PEGI +18
28619,PEGI +18
28623,PEGI +16
28627,PEGI +16
28628,PEGI +18
28631,PEGI +16
28632,PEGI +18
28633,PEGI +3
28637,PEGI +12
28654,PEGI +3
28696,PEGI +16
28703,PEGI +12
28717,PEGI +12
28723,PEGI +12
28726,PEGI +18
28757,PEGI +7
28760,PEGI +3
28761,PEGI +12
28771,None
28774,PEGI +3
28807,PEGI +16
28828,PEGI +3
28830,PEGI +3
28835,None
28852,PEGI +16
28859,None
28867,PEGI +3
28890,PEGI +3
28911,PEGI +3
28958,PEGI +18
28964,None
28971,None
28976,PEGI +12
28980,PEGI +3
28986,PEGI +18
28988,PEGI +12
29010,None
29021,PEGI +18
29028,PEGI +18
29031,PEGI +16
29032,PEGI +3
29040,PEGI +7
29044,PEGI +3
29051,PEGI +16
29060,PEGI +7
29069,PEGI +3
29082,PEGI +18
29091,PEGI +18
29092,PEGI +16
29109,PEGI +18
29131,PEGI +3
29141,PEGI +7
29144,None
29149,PEGI +16
29153,PEGI +18
29154,PEGI +16
29158,PEGI +12
29162,PEGI +18
29171,PEGI +18
29176,None
29177,PEGI +18
29179,PEGI +18
29185,PEGI +7
29203,PEGI +18
29204,PEGI +7
29205,PEGI +12
29218,None
29227,PEGI +12
29231,None
29232,PEGI +16
29238,PEGI +12
29259,PEGI +18
29277,PEGI +18
29338,PEGI +18
29501,None
29564,PEGI +3
29582,None
29642,None
29746,PEGI +12
29800,None
29884,PEGI +18
30095,None
30162,None
30176,None
30243,PEGI +16
30270,None
30298,None
30570,PEGI +16
30595,None
30601,None
30650,None
30669,PEGI +12
30721,None
30777,None
30784,None
30851,None
30913,None
30933,None
30936,None
30987,None
31109,None
31222,None
31278,None
31308,None
31309,None
31356,PEGI +12
31386,None
31396,None
31436,None
31482,None
31595,None
31635,None
31637,None
31679,None
31704,None
31708,None
31729,None
31759,None
31859,None
32178,None
32353,None
32389,None
32575,None
32577,None
32734,PEGI +12
32785,PEGI +16
32836,None
32888,None
32925,None
32944,None
32989,None
33007,None
34020,None
34601,PEGI +16
34651,None
34668,PEGI +12
34680,None
34685,PEGI +12
34713,PEGI +12
34725,PEGI +12
34734,None
34737,PEGI +16
34752,PEGI +16
34761,PEGI +12
34764,None
34766,None
34772,None
34776,None
34777,PEGI +12
34779,PEGI +16
34786,PEGI +12
34788,PEGI +12
34791,PEGI +16
34801,None
34813,PEGI +12
34821,PEGI +12
34842,PEGI +3
34851,PEGI +12
34868,None
34872,PEGI +12
34885,None
34889,None
34902,PEGI +16
34950,None
35005,PEGI +12
35016,PEGI +3
35020,None
35030,PEGI +7
35058,None
35084,None
35129,PEGI +12
35137,PEGI +16
35155,PEGI +3
35163,PEGI +3
35168,PEGI +18
35225,None
35261,PEGI +3
35274,PEGI +12
35297,PEGI +12
35314,PEGI +18
35354,PEGI +12
35358,PEGI +18
35365,PEGI +3
35374,PEGI +16
35385,PEGI +3
35413,PEGI +18
35518,PEGI +3
35524,PEGI +16
35541,PEGI +12
35561,PEGI +12
35569,PEGI +12
35579,PEGI +12
35586,PEGI +3
35590,PEGI +18
35613,PEGI +3
35629,PEGI +16
35635,None
35684,PEGI +16
35702,PEGI +16
35736,PEGI +7
35738,PEGI +12
35800,PEGI +12
35808,PEGI +3
35822,PEGI +12
35854,PEGI +16
35855,PEGI +16
35862,PEGI +16
35869,PEGI +12
35930,PEGI +12
35946,PEGI +12
35948,PEGI +18
35963,PEGI +18
35964,PEGI +12
35970,None
35972,PEGI +3
35981,PEGI +3
35985,PEGI +18
35996,PEGI +3
36018,None
36026,PEGI +12
36031,PEGI +3
36035,None
36055,PEGI +3
36062,PEGI +12
36065,PEGI +3
36092,None
36095,PEGI +3
36142,PEGI +3
36189,PEGI +3
36192,PEGI +12
36198,PEGI +3
36266,PEGI +16
36292,PEGI +7
36300,PEGI +3
36306,PEGI +16
36350,PEGI +16
36355,PEGI +18
36390,PEGI +18
36442,PEGI +12
36479,PEGI +3
36483,PEGI +16
36488,PEGI +16
36527,PEGI +3
36535,PEGI +12
36542,None
36577,PEGI +16
36637,PEGI +16
36646,PEGI +12
36717,None
36729,PEGI +12
36737,PEGI +16
36743,PEGI +18
36746,None
36758,PEGI +16
36787,PEGI +16
36795,None
36797,PEGI +16
36807,None
36808,PEGI +3
36809,PEGI +3
36829,PEGI +16
36836,PEGI +3
36843,PEGI +3
36850,PEGI +12
36877,None
36915,PEGI +12
36939,None
36945,PEGI +12
36990,PEGI +16
37032,None
37072,PEGI +3
37094,PEGI +12
37130,PEGI +16
37136,PEGI +12
37209,PEGI +3
37210,PEGI +12
37221,PEGI +16
37240,PEGI +12
37305,PEGI +16
37329,None
37333,None
37352,PEGI +12
37365,PEGI +12
37369,None
37378,None
37383,PEGI +16
37406,PEGI +18
37417,None
37420,PEGI +18
37446,PEGI +3
37524,PEGI +3
37540,PEGI +16
37615,PEGI +3
37625,PEGI +12
37669,None
37675,PEGI +12
37751,PEGI +12
37830,None
37857,None
38014,PEGI +3
38055,PEGI +16
38064,PEGI +3
38067,PEGI +16
38091,PEGI +3
38092,PEGI +12
38218,None
38246,None
38286,PEGI +16
38360,PEGI +18
38438,None
38493,None
38543,None
38610,None
38625,PEGI +3
38663,None
38705,PEGI +16
38732,PEGI +3
38809,PEGI +16
38834,PEGI +16
38945,PEGI +16
38965,PEGI +12
38995,None
39011,PEGI +12
39035,PEGI +16
39037,PEGI +16
39039,PEGI +18
39079,PEGI +3
39080,PEGI +3
39118,PEGI +12
39120,PEGI +12
39128,PEGI +16
39217,PEGI +3
39266,None
39272,None
39285,PEGI +3
39301,PEGI +3
39317,PEGI +12
39332,None
39408,PEGI +3
39431,PEGI +18
39465,PEGI +7
39513,None
39550,PEGI +3
39676,PEGI +18
39685,PEGI +12
39709,PEGI +12
39727,None
39745,PEGI +12
39759,PEGI +18
40035,PEGI +12
40071,PEGI +3
40104,None
40109,PEGI +12
40152,None
40188,PEGI +16
40201,PEGI +3
40214,PEGI +3
40235,None
40301,PEGI +3
40310,None
40313,PEGI +16
40322,None
40323,PEGI +12
40337,None
40347,None
40379,PEGI +12
40408,PEGI +12
40430,PEGI +12
40432,PEGI +18
40433,PEGI +3
40434,PEGI +3
40438,None
40457,PEGI +3
40502,PEGI +3
40527,None
40536,PEGI +12
40551,PEGI +16
40604,PEGI +3
40619,PEGI +16
40841,None
40864,None
40887,PEGI +3
40892,PEGI +16
40913,PEGI +7
40922,None
40947,PEGI +3
40962,PEGI +3
40996,PEGI +3
41052,None
41063,PEGI +3
41085,PEGI +7
41100,PEGI +12
41128,None
41162,PEGI +12
41262,PEGI +12
41263,PEGI +12
41265,PEGI +12
41336,PEGI +18
41416,PEGI +12
41438,None
41456,PEGI +18
41458,PEGI +16
41462,PEGI +3
41490,None
41561,PEGI +16
41575,None
41606,PEGI +18
41634,PEGI +18
41665,PEGI +18
41680,PEGI +12
41738,PEGI +18
41785,PEGI +12
41791,None
41821,None
41934,None
42044,PEGI +12
42055,PEGI +12
42056,PEGI +12
42058,PEGI +12
42060,None
42120,PEGI +3
42151,PEGI +18
42191,PEGI +18
42215,PEGI +18
42230,PEGI +18
42233,PEGI +18
42235,PEGI +12
42236,PEGI +12
42237,PEGI +12
42238,PEGI +18
42239,PEGI +12
42247,PEGI +12
42330,PEGI +3
42334,None
42336,PEGI +18
42383,PEGI +18
42388,None
42404,None
42405,PEGI +12
42455,PEGI +12
42500,None
42547,PEGI +18
42695,PEGI +16
42776,None
42858,PEGI +18
42889,PEGI +7
42895,PEGI +18
42912,PEGI +12
42920,PEGI +18
42957,PEGI +16
43090,None
43242,PEGI +18
43305,None
43308,PEGI +12
43358,PEGI +3
43367,PEGI +12
43432,PEGI +12
43454,PEGI +7
43540,PEGI +12
43576,PEGI +12
43624,None
43693,None
43734,PEGI +18
43753,PEGI +12
43755,PEGI +7
43759,PEGI +16
44029,None
44093,PEGI +16
44096,PEGI +7
44114,PEGI +7
44187,PEGI +18
44245,PEGI +7
44255,PEGI +12
44265,PEGI +3
44510,PEGI +7
44525,None
44563,PEGI +7
44725,PEGI +16
44762,PEGI +7
44765,PEGI +7
44896,PEGI +18
44931,None
44972,PEGI +16
45153,PEGI +3
45388,PEGI +12
45424,PEGI +7
45455,PEGI +7
45552,None
45561,PEGI +3
45636,PEGI +3
45691,PEGI +3
45730,None
45821,PEGI +16
45867,PEGI +7
45868,PEGI +7
45869,PEGI +7
45897,PEGI +3
45969,None
46000,None
46095,None
46128,PEGI +3
46155,PEGI +3
46159,PEGI +3
46160,PEGI +7
46161,PEGI +7
46165,None
46335,PEGI +7
46410,None
46421,PEGI +18
46422,PEGI +18
46431,PEGI +3
46471,PEGI +12
46533,None
46664,PEGI +3
46667,PEGI +12
46749,PEGI +16
46893,PEGI +3
47077,PEGI +7
47137,None
47255,PEGI +16
47359,None
47463,PEGI +16
47613,PEGI +3
48110,None
48243,None
48405,None
48456,None
49104,PEGI +7
49105,PEGI +12
49114,PEGI +3
49278,PEGI +3
49326,PEGI +3
49328,PEGI +12
49423,PEGI +7
49428,None
49498,PEGI +12
49499,PEGI +3
49745,PEGI +3
49755,PEGI +16
49813,PEGI +3
49866,PEGI +16
49873,PEGI +16
49874,PEGI +16
49983,PEGI +18
50005,PEGI +12
50198,PEGI +12
50240,PEGI +18
50418,PEGI +7
50503,PEGI +18
50566,PEGI +16
50572,PEGI +16
50575,None
50675,None
50734,PEGI +18
50736,PEGI +16
50744,None
50753,None
50758,PEGI +7
50778,PEGI +18
50780,PEGI +16
50781,PEGI +16
50786,PEGI +3
50839,None
50970,None
51086,None
51167,PEGI +12
51246,PEGI +3
51320,PEGI +18
51322,PEGI +16
51324,PEGI +12
51327,PEGI +7
51328,PEGI +18
51329,PEGI +18
51330,PEGI +3
51331,PEGI +16
51333,PEGI +3
51335,None
51375,None
51452,PEGI +7
51507,PEGI +12
51598,None
51609,PEGI +3
51610,PEGI +16
51672,PEGI +3
51687,None
51776,None
51781,None
51813,None
51814,PEGI +16
52049,None
52142,PEGI +16
52182,PEGI +7
52190,PEGI +16
52201,PEGI +18
52210,PEGI +18
52214,PEGI +7
52215,PEGI +7
52231,PEGI +12
52255,PEGI +12
52295,PEGI +12
52312,PEGI +3
52312,None
52314,PEGI +7
52323,PEGI +12
52330,PEGI +16
52332,PEGI +16
52334,PEGI +12
52336,PEGI +12
52348,PEGI +3
52369,PEGI +18
52370,None
52371,None
52383,None
52385,PEGI +3
52387,PEGI +3
52647,None
52669,None
52670,PEGI +3
52686,PEGI +12
52790,None
52825,None
52872,None
52891,None
52930,PEGI +3
52931,PEGI +3
52939,PEGI +12
52943,PEGI +12
52960,None
52965,None
52975,None
52984,None
52996,None
53029,None
53047,None
53080,PEGI +3
53085,None
53090,None
53109,None
53127,None
53135,PEGI +3
53146,None
53152,PEGI +16
53165,None
53180,None
53181,None
53182,None
53225,None
53227,PEGI +3
53239,PEGI +3
53259,PEGI +7
53287,PEGI +3
53288,None
53309,PEGI +16
53319,PEGI +3
53338,None
53341,None
53401,PEGI +12
53433,None
53478,None
53509,None
53521,None
53529,None
53536,None
53546,None
53547,None
53548,PEGI +3
53549,PEGI +7
53550,PEGI +3
53552,None
53560,None
53588,None
53597,PEGI +7
53600,PEGI +7
53603,None
53614,PEGI +3
53615,PEGI +3
53628,PEGI +16
53648,PEGI +3
54013,PEGI +18
54106,PEGI +7
54172,PEGI +12
54242,PEGI +3
54258,PEGI +18
54285,PEGI +18
54327,PEGI +18
54346,PEGI +3
54347,None
54349,None
54373,None
54420,None
54486,None
54500,None
54511,None
54515,None
54532,None
54569,None
54602,None
54615,None
54618,None
54628,None
54631,None
54633,None
54634,None
54647,None
54682,None
54690,None
54697,None
54715,None
54716,None
54729,None
54744,None
54753,None
54755,None
54759,None
54763,None
54764,None
54765,None
54769,None
54770,None
54774,None
54778,None
54791,None
54930,None
54947,PEGI +18
55190,PEGI +12
55982,PEGI +12
55984,None
55990,None
56000,PEGI +16
56007,PEGI +7
56008,None
56029,PEGI +3
56031,PEGI +3
56032,None
56033,PEGI +7
56041,None
56045,PEGI +3
56050,PEGI +3
56053,PEGI +7
56061,PEGI +18
56065,None
56069,PEGI +3
56090,PEGI +3
56092,None
56094,None
56097,PEGI +3
56099,PEGI +3
56101,None
56103,PEGI +3
56104,PEGI +3
56106,PEGI +3
56110,PEGI +16
56114,None
56122,None
56123,None
56124,PEGI +12
56129,PEGI +18
56135,PEGI +12
56138,None
56139,None
56141,None
56143,PEGI +3
56151,PEGI +3
56158,PEGI +7
56161,PEGI +12
56173,PEGI +3
56174,PEGI +3
56184,PEGI +18
56189,PEGI +16
56191,None
56198,PEGI +12
56199,PEGI +3
56216,None
56217,None
56222,None
56229,None
56240,None
56254,None
56255,None
56259,PEGI +3
56261,None
56265,None
56654,None
57607,None
57625,None
57679,PEGI +12
57704,None
57754,None
57770,None
57801,None
57809,None
57837,None
57838,PEGI +12
57862,None
57879,PEGI +7
57891,PEGI +16
57898,PEGI +16
57917,None
57944,None
57950,None
58001,None
58080,PEGI +3
58085,PEGI +16
58094,PEGI +12
58115,PEGI +12
58133,PEGI +7
58170,PEGI +7
58175,PEGI +18
58176,PEGI +3
58182,None
58183,None
58185,PEGI +18
58252,PEGI +16
58253,None
58277,PEGI +3
58285,None
58325,PEGI +3
58338,PEGI +7
58340,PEGI +12
58341,PEGI +12
58351,PEGI +12
58354,PEGI +3
58366,PEGI +12
58381,PEGI +12
58497,PEGI +12
58498,PEGI +7
58549,PEGI +12
58559,PEGI +3
58562,PEGI +3
58574,PEGI +12
58585,PEGI +18
58616,PEGI +18
58632,PEGI +18
58654,PEGI +18
58698,PEGI +18
58699,PEGI +12
58703,PEGI +3
58732,PEGI +3
58752,PEGI +16
58753,PEGI +3
58755,PEGI +18
58766,None
58767,PEGI +3
58798,PEGI +18
58803,PEGI +12
58813,PEGI +18
58818,PEGI +3
58820,PEGI +12
58826,PEGI +3
58829,PEGI +12
58831,PEGI +18
58834,PEGI +12
58849,PEGI +7
58921,PEGI +16
58927,PEGI +16
58929,PEGI +12
58945,None
58976,PEGI +16
58998,PEGI +12
58999,PEGI +12
59023,PEGI +16
59024,PEGI +3
59041,None
59088,PEGI +7
59097,PEGI +3
59129,PEGI +3
59132,PEGI +3
59134,PEGI +16
59142,PEGI +16
59143,PEGI +12
59149,PEGI +18
59151,PEGI +12
59154,None
59184,None
59185,PEGI +3
59187,PEGI +16
59193,PEGI +16
59197,PEGI +3
59202,PEGI +12
59207,PEGI +16
59218,PEGI +12
59248,PEGI +12
59250,PEGI +12
59276,PEGI +12
59284,PEGI +12
59306,None
59329,PEGI +16
59343,PEGI +12
59362,PEGI +16
59368,PEGI +3
59371,PEGI +7
59601,PEGI +16
59602,PEGI +3
59604,PEGI +12
59612,PEGI +3
59624,PEGI +3
59866,None
60004,PEGI +16
60012,None
60191,PEGI +16
60618,None
60744,None
60769,None
60782,None
60783,PEGI +12
60796,None
60817,None
60843,None
60951,None
61070,PEGI +3
61148,PEGI +16
61206,None
61584,PEGI +16
61585,None
61664,PEGI +3
62050,None
68197,PEGI +3
68297,PEGI +12
69921,None
71929,None
74114,PEGI +7
74242,PEGI +16
75486,PEGI +12
80309,PEGI +12
85890,None
86399,None
87448,PEGI +12
90470,None
101176,PEGI +12
120627,PEGI +3
127659,PEGI +12
132476,None
132916,None
174312,None
174950,PEGI +7
181731,None
188883,None
191741,None
209740,None
217526,None
233858,PEGI +16
238390,PEGI +3
238395,PEGI +3
238396,PEGI +12
241043,PEGI +18
241044,None
241087,None
244245,PEGI +3
244716,PEGI +3
244722,None
244732,PEGI +16
244746,PEGI +3
244879,PEGI +12
248402,PEGI +12
248430,None
248496,PEGI +7
249102,None
249941,PEGI +16
249946,PEGI +16
251482,PEGI +16
251599,PEGI +18
254562,None
257237,PEGI +12
258323,PEGI +3
258386,PEGI +12
262372,PEGI +3
262381,PEGI +3
262384,PEGI +12
262390,None
264668,None
264700,PEGI +18
264725,None
264730,None
267219,PEGI +16
267220,PEGI +16
267265,PEGI +12
267750,PEGI +3
268299,PEGI +12
269327,PEGI +12
269332,PEGI +12
269334,PEGI +16
269371,None
270706,PEGI +3
271343,None
271413,PEGI +12
272448,None
274480,PEGI +18
275602,PEGI +18
277908,None
281854,PEGI +3
281856,None
281865,PEGI +12
281866,PEGI +12
282811,PEGI +12
282906,None
283378,PEGI +7
283970,PEGI +12
284022,PEGI +18
284091,None
285633,PEGI +18
285682,None
286478,PEGI +3
286479,None
286480,PEGI +16
286481,PEGI +16
286485,PEGI +12
287466,PEGI +12
288561,PEGI +16
288949,PEGI +16
290856,PEGI +16
290858,PEGI +16
290864,PEGI +3
290867,None
290873,PEGI +12
290874,PEGI +12
290883,PEGI +3
292838,PEGI +3
292977,PEGI +7
294121,PEGI +16
294122,PEGI +16
294408,None
297209,None
299575,PEGI +12
301511,PEGI +16
301512,PEGI +12
302304,None
302826,PEGI +12
302833,None
304194,PEGI +7
304196,PEGI +12
304342,PEGI +3
309897,PEGI +18
312621,None
312625,PEGI +3
313729,None
314025,PEGI +18
316818,PEGI +16
316819,PEGI +3
319116,PEGI +12
324127,None
330379,None
330395,PEGI +3
330460,None
330483,PEGI +12
330537,PEGI +12
330557,None
330572,PEGI +12
330622,PEGI +18
330640,None
330646,None
330654,PEGI +12
330722,None
330748,PEGI +16
330777,None
330781,PEGI +3
330882,None
330884,PEGI +16
330906,PEGI +12
330920,PEGI +16
330950,PEGI +3
330978,PEGI +3
331024,PEGI +7
331043,None
331090,PEGI +16
331125,PEGI +12
331148,PEGI +12
331183,PEGI +12
331185,PEGI +7
331210,None
331292,PEGI +12
331331,None
331360,PEGI +3
331386,PEGI +12
331395,PEGI +3
331435,None
331466,None
331648,None
331696,PEGI +12
331805,None
331818,None
331849,PEGI +12
332059,None
332124,None
332187,None
332297,None
332400,None
332454,PEGI +12
332455,PEGI +12
332575,PEGI +16
332580,PEGI +16
333020,PEGI +16
333236,PEGI +3
333636,None
333775,PEGI +12
334011,None
334021,None
334190,PEGI +12
334195,None
334243,None
334382,None
334867,PEGI +3
334894,None
335044,PEGI +3
335193,None
335226,PEGI +12
335378,PEGI +3
335607,PEGI +16
335954,None
336161,None
336262,None
336496,None
336590,None
339952,PEGI +16
339953,PEGI +12
341588,None
341616,PEGI +18
343595,None
343597,None
345005,PEGI +16
345121,None
345351,PEGI +12
353337,PEGI +16
354108,PEGI +16
366958,PEGI +12
371824,None
372175,None
377509,None
379231,PEGI +18
387230,None
